<?xml version="1.0" encoding="UTF-8"?>
<metadata xml:lang="bg"><Esri><CreaDate>20190218</CreaDate><CreaTime>15141400</CreaTime><ArcGISFormat>1.0</ArcGISFormat><SyncOnce>TRUE</SyncOnce><DataProperties><lineage><Process ToolSource="c:\program files (x86)\arcgis\desktop10.6\ArcToolbox\Toolboxes\Data Management Tools.tbx\CalculateField" Date="20190218" Time="151414">CalculateField TestPoint ElTypeID '106' PYTHON_9.3 #</Process><Process ToolSource="c:\program files (x86)\arcgis\desktop10.6\ArcToolbox\Toolboxes\Data Management Tools.tbx\CalculateField" Date="20190218" Time="151438">CalculateField TestPoint ElTypeID '106' PYTHON_9.3 #</Process><Process ToolSource="c:\program files (x86)\arcgis\desktop10.6\ArcToolbox\Toolboxes\Data Management Tools.tbx\CalculateField" Date="20190218" Time="151520">CalculateField TestPoint ElType 'шахта' PYTHON_9.3 #</Process><Process ToolSource="c:\program files (x86)\arcgis\desktop10.6\ArcToolbox\Toolboxes\Data Management Tools.tbx\CalculateField" Date="20190218" Time="151602">CalculateField TestPoint UseType 'Собственост' PYTHON_9.3 #</Process><Process ToolSource="c:\program files (x86)\arcgis\desktop10.6\ArcToolbox\Toolboxes\Data Management Tools.tbx\CalculateField" Date="20190218" Time="151659">CalculateField TestPoint TechChar 'Ф600, дълбочина 2.00 м' PYTHON_9.3 #</Process><Process ToolSource="c:\program files (x86)\arcgis\desktop10.6\ArcToolbox\Toolboxes\Data Management Tools.tbx\CalculateField" Date="20190218" Time="151713">CalculateField TestPoint Restr 'Няма' PYTHON_9.3 #</Process><Process ToolSource="c:\program files (x86)\arcgis\desktop10.6\ArcToolbox\Toolboxes\Data Management Tools.tbx\CalculateField" Date="20190218" Time="151737">CalculateField TestPoint LocDesc 'г. Граф Игнатиево' PYTHON_9.3 #</Process><Process ToolSource="c:\program files (x86)\arcgis\desktop10.6\ArcToolbox\Toolboxes\Data Management Tools.tbx\CalculateField" Date="20190218" Time="151818">CalculateField TestPoint Remark 'Използват се от 2010 г.' PYTHON_9.3 #</Process></lineage></DataProperties></Esri></metadata>
