<?xml version="1.0" encoding="UTF-8"?>
<metadata xml:lang="bg"><Esri><CreaDate>20181212</CreaDate><CreaTime>11331900</CreaTime><ArcGISFormat>1.0</ArcGISFormat><SyncOnce>TRUE</SyncOnce><DataProperties><lineage><Process ToolSource="c:\program files (x86)\arcgis\desktop10.6\ArcToolbox\Toolboxes\Data Management Tools.tbx\AlterField" Date="20181115" Time="152902">AlterField D:\WORK\EIT\Database\EIT_DB.gdb\CommunicationNet\EIT_CommNetLine NetworkOperatorID # "Идент. мрежови оператор" TEXT 50 NULLABLE false</Process><Process ToolSource="c:\program files (x86)\arcgis\desktop10.6\ArcToolbox\Toolboxes\Data Management Tools.tbx\AlterField" Date="20181116" Time="114045">AlterField D:\WORK\EIT\Database\EIT_DB.gdb\CommunicationNet\EIT_CommNetLine ElementTypeID # # TEXT 50 NULLABLE false</Process><Process ToolSource="c:\program files (x86)\arcgis\desktop10.6\ArcToolbox\Toolboxes\Data Management Tools.tbx\AddField" Date="20181116" Time="131113">AddField D:\WORK\EIT\Database\EIT_DB.gdb\CommunicationNet\EIT_CommNetLine DataPrecision TEXT # # 50 "Точност на данните" NULLABLE NON_REQUIRED #</Process><Process ToolSource="c:\program files (x86)\arcgis\desktop10.6\ArcToolbox\Toolboxes\Data Management Tools.tbx\DeleteFeatures" Date="20181120" Time="095732">DeleteFeatures C:\MAPS\eit1061.sde\sde.sde.CommunicationNet\sde.sde.EIT_CommNetLine</Process><Process ToolSource="c:\program files (x86)\arcgis\desktop10.6\ArcToolbox\Toolboxes\Data Management Tools.tbx\DeleteFeatures" Date="20181122" Time="132056">DeleteFeatures C:\MAPS\eit1061.sde\sde.sde.CommunicationNet\sde.sde.EIT_CommNetLine</Process><Process ToolSource="c:\program files (x86)\arcgis\desktop10.6\ArcToolbox\Toolboxes\Data Management Tools.tbx\DeleteFeatures" Date="20181128" Time="122655">DeleteFeatures C:\MAPS\eit1061.sde\sde.sde.CommunicationNet\sde.sde.EIT_CommNetLine</Process></lineage><itemProps><itemLocation><linkage Sync="TRUE">Server=Eit1061; Service=sde:postgresql:Eit1061; Database=sde; User=sde; Version=sde.DEFAULT</linkage><protocol Sync="TRUE">ArcSDE Connection</protocol></itemLocation></itemProps></DataProperties></Esri></metadata>
