<?xml version="1.0" encoding="UTF-8"?>
<metadata xml:lang="bg"><Esri><CreaDate>20181212</CreaDate><CreaTime>11335200</CreaTime><ArcGISFormat>1.0</ArcGISFormat><SyncOnce>TRUE</SyncOnce><DataProperties><lineage><Process ToolSource="c:\program files (x86)\arcgis\desktop10.6\ArcToolbox\Toolboxes\Data Management Tools.tbx\AlterField" Date="20181115" Time="121430">AlterField D:\WORK\EIT\Database\EIT_DB.gdb\Communication\EIT_CommPoint ExternalID ExternaIdentificator # TEXT 255 NULLABLE false</Process><Process ToolSource="c:\program files (x86)\arcgis\desktop10.6\ArcToolbox\Toolboxes\Data Management Tools.tbx\AlterField" Date="20181115" Time="121750">AlterField D:\WORK\EIT\Database\EIT_DB.gdb\Communication\EIT_CommPoint LocationDescription # # TEXT 2000 NULLABLE false</Process><Process ToolSource="c:\program files (x86)\arcgis\desktop10.6\ArcToolbox\Toolboxes\Data Management Tools.tbx\AlterField" Date="20181115" Time="122042">AlterField D:\WORK\EIT\Database\EIT_DB.gdb\Communication\EIT_CommPoint Remark # # TEXT 2000 NULLABLE false</Process><Process ToolSource="c:\program files (x86)\arcgis\desktop10.6\ArcToolbox\Toolboxes\Data Management Tools.tbx\AlterField" Date="20181115" Time="122311">AlterField D:\WORK\EIT\Database\EIT_DB.gdb\Communication\EIT_CommPoint Restriction # # TEXT 2000 NULLABLE false</Process><Process ToolSource="c:\program files (x86)\arcgis\desktop10.6\ArcToolbox\Toolboxes\Data Management Tools.tbx\AlterField" Date="20181115" Time="122613">AlterField D:\WORK\EIT\Database\EIT_DB.gdb\Communication\EIT_CommPoint TechnicalChar # # TEXT 2000 NULLABLE false</Process><Process ToolSource="c:\program files (x86)\arcgis\desktop10.6\ArcToolbox\Toolboxes\Data Management Tools.tbx\AlterField" Date="20181115" Time="122905">AlterField D:\WORK\EIT\Database\EIT_DB.gdb\Communication\EIT_CommPoint OrganizationID NetworkOperatorID # TEXT 50 NULLABLE false</Process><Process ToolSource="c:\program files (x86)\arcgis\desktop10.6\ArcToolbox\Toolboxes\Data Management Tools.tbx\AlterField" Date="20181115" Time="123318">AlterField D:\WORK\EIT\Database\EIT_DB.gdb\Communication\EIT_CommPoint ElementTypeID # # LONG 50 NULLABLE false</Process><Process ToolSource="c:\program files (x86)\arcgis\desktop10.6\ArcToolbox\Toolboxes\Data Management Tools.tbx\AlterField" Date="20181115" Time="152851">AlterField D:\WORK\EIT\Database\EIT_DB.gdb\Communication\EIT_CommPoint NetworkOperatorID # "Идент. мрежови оператор" TEXT 50 NULLABLE false</Process><Process ToolSource="c:\program files (x86)\arcgis\desktop10.6\ArcToolbox\Toolboxes\Data Management Tools.tbx\AlterField" Date="20181116" Time="114034">AlterField D:\WORK\EIT\Database\EIT_DB.gdb\Communication\EIT_CommPoint ElementTypeID # # TEXT 50 NULLABLE false</Process><Process ToolSource="c:\program files (x86)\arcgis\desktop10.6\ArcToolbox\Toolboxes\Data Management Tools.tbx\AddField" Date="20181116" Time="131100">AddField D:\WORK\EIT\Database\EIT_DB.gdb\Communication\EIT_CommPoint DataPrecision TEXT # # 50 "Точност на данните" NULLABLE NON_REQUIRED #</Process><Process ToolSource="c:\program files (x86)\arcgis\desktop10.6\ArcToolbox\Toolboxes\Data Management Tools.tbx\DeleteFeatures" Date="20181120" Time="095519">DeleteFeatures C:\MAPS\eit1061.sde\sde.sde.Communication\sde.sde.EIT_CommPoint</Process><Process ToolSource="c:\program files (x86)\arcgis\desktop10.6\ArcToolbox\Toolboxes\Data Management Tools.tbx\DeleteFeatures" Date="20181122" Time="132025">DeleteFeatures C:\MAPS\eit1061.sde\sde.sde.Communication\sde.sde.EIT_CommPoint</Process></lineage><itemProps><itemLocation><linkage Sync="TRUE">Server=Eit1061; Service=sde:postgresql:Eit1061; Database=sde; User=sde; Version=sde.DEFAULT</linkage><protocol Sync="TRUE">ArcSDE Connection</protocol></itemLocation></itemProps></DataProperties></Esri></metadata>
